class,method,iid,line,true,false,inference
net/tzolov/cv/mtcnn/MtcnnUtil,getIndexWhereMatrix,469,469,1742,769076,net/tzolov/cv/mtcnn/MtcnnService.preparationStage:275
net/tzolov/cv/mtcnn/MtcnnUtil,getIndexWhereMatrix,466,466,14104,590,net/tzolov/cv/mtcnn/MtcnnService.preparationStage:275
net/tzolov/cv/mtcnn/MtcnnUtil,getIndexWhereMatrix,467,467,770818,14104,net/tzolov/cv/mtcnn/MtcnnService.preparationStage:275
net/tzolov/cv/mtcnn/MtcnnUtil,generateBoundingBox,412,412,0,249,net/tzolov/cv/mtcnn/MtcnnService.preparationStage:275
net/tzolov/cv/mtcnn/MtcnnUtil,pad,141,141,11,5,net/tzolov/cv/mtcnn/MtcnnService.preparationStage:275
net/tzolov/cv/mtcnn/MtcnnUtil,pad,179,179,7,2,net/tzolov/cv/mtcnn/MtcnnService.preparationStage:275
net/tzolov/cv/mtcnn/MtcnnUtil,nonMaxSuppression,280,280,0,312,net/tzolov/cv/mtcnn/MtcnnService.preparationStage:275
net/tzolov/cv/mtcnn/MtcnnUtil,pad,139,139,16,47,net/tzolov/cv/mtcnn/MtcnnService.preparationStage:275
net/tzolov/cv/mtcnn/MtcnnUtil,lambda$pad$3,175,175,13,768,net/tzolov/cv/mtcnn/MtcnnService.preparationStage:275
net/tzolov/cv/mtcnn/MtcnnService,refinementStage,347,347,23,63,net/tzolov/cv/mtcnn/MtcnnService.preparationStage:275
net/tzolov/cv/mtcnn/MtcnnUtil,lambda$pad$0,118,118,24,757,net/tzolov/cv/mtcnn/MtcnnService.preparationStage:275
net/tzolov/cv/mtcnn/MtcnnUtil,getIndexWhereMatrix,476,476,341,249,net/tzolov/cv/mtcnn/MtcnnService.preparationStage:275
net/tzolov/cv/mtcnn/MtcnnUtil,generateBoundingBox,389,389,0,249,net/tzolov/cv/mtcnn/MtcnnService.preparationStage:275
edu/ucla/cs/FaceTest,faceApp,74,74,34,6,net/tzolov/cv/mtcnn/MtcnnService.preparationStage:275
net/tzolov/cv/mtcnn/MtcnnUtil,rerec,258,258,63,0,net/tzolov/cv/mtcnn/MtcnnService.preparationStage:275
net/tzolov/cv/mtcnn/MtcnnService,computeTempImage,526,526,781,63,net/tzolov/cv/mtcnn/MtcnnService.preparationStage:275
net/tzolov/cv/mtcnn/MtcnnService,preparationStage,286,286,747,0,net/tzolov/cv/mtcnn/MtcnnService.preparationStage:275
net/tzolov/cv/mtcnn/MtcnnService,preparationStage,284,284,249,341,net/tzolov/cv/mtcnn/MtcnnService.preparationStage:275
net/tzolov/cv/mtcnn/MtcnnService,preparationStage,288,288,63,186,net/tzolov/cv/mtcnn/MtcnnService.preparationStage:275
net/tzolov/cv/mtcnn/MtcnnService,outputStage,417,417,23,0,net/tzolov/cv/mtcnn/MtcnnService.preparationStage:275
net/tzolov/cv/mtcnn/MtcnnUtil,pad,160,160,8,3,net/tzolov/cv/mtcnn/MtcnnService.preparationStage:275
net/tzolov/cv/mtcnn/MtcnnService,rawFaceDetection,236,236,23,0,net/tzolov/cv/mtcnn/MtcnnService.preparationStage:275
net/tzolov/cv/mtcnn/MtcnnUtil,lambda$pad$2,156,156,22,759,net/tzolov/cv/mtcnn/MtcnnService.preparationStage:275
net/tzolov/cv/mtcnn/MtcnnUtil,pad,123,123,14,3,net/tzolov/cv/mtcnn/MtcnnService.preparationStage:275
net/tzolov/cv/mtcnn/MtcnnUtil,pad,158,158,11,52,net/tzolov/cv/mtcnn/MtcnnService.preparationStage:275
net/tzolov/cv/mtcnn/MtcnnUtil,nonMaxSuppression,341,341,161,1089,net/tzolov/cv/mtcnn/MtcnnService.preparationStage:275
net/tzolov/cv/mtcnn/MtcnnUtil,pad,121,121,17,46,net/tzolov/cv/mtcnn/MtcnnService.preparationStage:275
net/tzolov/cv/mtcnn/MtcnnUtil,toFaceAnnotation,530,530,23,0,net/tzolov/cv/mtcnn/MtcnnService.preparationStage:275
net/tzolov/cv/mtcnn/MtcnnService,preparationStage,298,298,23,63,net/tzolov/cv/mtcnn/MtcnnService.preparationStage:275
net/tzolov/cv/mtcnn/MtcnnUtil,nonMaxSuppression,303,303,230,1332,net/tzolov/cv/mtcnn/MtcnnService.preparationStage:275
net/tzolov/cv/mtcnn/MtcnnService,outputStage,420,420,23,0,net/tzolov/cv/mtcnn/MtcnnService.preparationStage:275
net/tzolov/cv/mtcnn/MtcnnUtil,getIndexWhereVector,441,441,0,1584,net/tzolov/cv/mtcnn/MtcnnService.preparationStage:275
net/tzolov/cv/mtcnn/MtcnnUtil,nonMaxSuppression,349,349,0,312,net/tzolov/cv/mtcnn/MtcnnService.preparationStage:275
net/tzolov/cv/mtcnn/MtcnnService,preparationStage,255,255,504,86,net/tzolov/cv/mtcnn/MtcnnService.preparationStage:275
net/tzolov/cv/mtcnn/MtcnnService,preparationStage,299,299,63,23,net/tzolov/cv/mtcnn/MtcnnService.preparationStage:275
net/tzolov/cv/mtcnn/MtcnnUtil,getIndexWhereVector,446,446,15182,4002,net/tzolov/cv/mtcnn/MtcnnService.preparationStage:275
net/tzolov/cv/mtcnn/MtcnnUtil,nonMaxSuppression,301,301,1562,0,net/tzolov/cv/mtcnn/MtcnnService.preparationStage:275
net/tzolov/cv/mtcnn/MtcnnUtil,getIndexWhereVector,445,445,19184,1584,net/tzolov/cv/mtcnn/MtcnnService.preparationStage:275
net/tzolov/cv/mtcnn/MtcnnService,refinementStage,350,350,23,63,net/tzolov/cv/mtcnn/MtcnnService.preparationStage:275
net/tzolov/cv/mtcnn/MtcnnService,resize,572,572,1285,0,net/tzolov/cv/mtcnn/MtcnnService.preparationStage:275
net/tzolov/cv/mtcnn/MtcnnService,faceDetection,159,159,0,23,net/tzolov/cv/mtcnn/MtcnnService.preparationStage:275
net/tzolov/cv/mtcnn/MtcnnUtil,lambda$nonMaxSuppression$4,334,334,15099,961,net/tzolov/cv/mtcnn/MtcnnService.preparationStage:275
net/tzolov/cv/mtcnn/MtcnnUtil,pad,177,177,9,54,net/tzolov/cv/mtcnn/MtcnnService.preparationStage:275
net/tzolov/cv/mtcnn/MtcnnUtil,nonMaxSuppression,330,330,0,1332,net/tzolov/cv/mtcnn/MtcnnService.preparationStage:275
net/tzolov/cv/mtcnn/MtcnnUtil,append,493,493,0,186,net/tzolov/cv/mtcnn/MtcnnService.preparationStage:275
net/tzolov/cv/mtcnn/MtcnnUtil,generateBoundingBox,377,377,341,249,net/tzolov/cv/mtcnn/MtcnnService.preparationStage:275
net/tzolov/cv/mtcnn/MtcnnUtil,nonMaxSuppression,337,337,82,1250,net/tzolov/cv/mtcnn/MtcnnService.preparationStage:275
net/tzolov/cv/mtcnn/MtcnnUtil,getIndexWhereVector,451,451,281,1303,net/tzolov/cv/mtcnn/MtcnnService.preparationStage:275
net/tzolov/cv/mtcnn/MtcnnUtil,lambda$pad$1,137,137,24,757,net/tzolov/cv/mtcnn/MtcnnService.preparationStage:275
net/tzolov/cv/mtcnn/MtcnnUtil,lambda$generateBoundingBox$5,374,374,1742,769076,net/tzolov/cv/mtcnn/MtcnnService.preparationStage:275
net/tzolov/cv/mtcnn/MtcnnService,computeTempImage,543,543,781,781,net/tzolov/cv/mtcnn/MtcnnService.preparationStage:275
